period,path_radius,max_speed_cmd,actual_vx,speed_efficiency,mean_slip_mm,max_slip_mm,peak_torque_Nm
2.0,0.02,0.04,0.0378238599317266,0.9455964982931649,3.9964235305876716,10.505382144064127,0.32844244916674015
2.0,0.025,0.05,0.04798974344334478,0.9597948688668956,3.9609862584637408,10.924077134571668,0.37085182612280576
2.0,0.03,0.06,0.05809542100568277,0.9682570167613795,3.797108202835994,10.23567093645989,0.46871696241387184
2.0,0.04,0.08,0.07834258430061525,0.9792823037576905,3.3866054240791246,10.590494073869921,0.6604638346991152
2.0,0.05,0.1,0.09839286000418652,0.9839286000418652,3.515360839969136,8.57751916882687,0.7602568343173957
2.0,0.06,0.12,0.11828097358375059,0.9856747798645883,3.3970026154664628,8.439929874080523,0.8907332317645604
2.0,0.07,0.14,0.13798129028074513,0.9855806448624651,2.92573774355016,6.692804692622232,1.5
1.5,0.02,0.05333333333333334,0.05000999151735156,0.9376873409503417,3.7987399194809184,10.538101709330915,0.3737909608981784
1.5,0.025,0.06666666666666667,0.06354053553454991,0.9531080330182488,3.4094205500149855,10.241367547954539,0.4810569517533523
1.5,0.03,0.08,0.07679179702982807,0.9598974628728508,3.058574679110133,8.624841630486802,0.5043584236667602
1.5,0.04,0.10666666666666667,0.10342187524105446,0.9695800803848855,3.055801669218666,7.5789912503458785,0.6448796918671729
1.5,0.05,0.13333333333333333,0.12983032446385054,0.973727433478879,3.0602693903785707,7.356881627403889,0.7598226940402455
1.5,0.06,0.16,0.15600302567566984,0.9750189104729365,3.3609500025005867,8.492149424906655,0.9028147736705883
1.5,0.07,0.18666666666666668,0.18185233092976424,0.9742089156951655,3.045268994745927,6.8633085909874065,1.5
1.2,0.02,0.06666666666666667,0.06212949207670537,0.9319423811505806,3.73701775031927,9.40676148581819,0.3994279269680572
1.2,0.025,0.08333333333333334,0.07892635269261737,0.9471162323114084,2.9859581787354315,7.879989844233905,0.4977198448321687
1.2,0.03,0.1,0.09554281990639808,0.9554281990639808,3.052695865506919,7.989723037118184,0.6056813844332805
1.2,0.04,0.13333333333333333,0.1281957731984598,0.9614682989884484,2.5211247989626493,5.409975133890884,0.6944595832709766
1.2,0.05,0.16666666666666669,0.1607762444741486,0.9646574668448915,2.583782902573702,4.397812047911185,1.0115164878730205
1.2,0.06,0.2,0.19322348973491416,0.9661174486745707,3.178230844410341,5.393846183849887,1.5
1.2,0.07,0.23333333333333336,0.22453292896226257,0.9622839812668394,3.4719102067067675,5.1462471510908845,1.5
1.0,0.02,0.08,0.07419540862491802,0.9274426078114753,3.734722995435683,10.46418459562927,0.47418145315322313
1.0,0.025,0.1,0.0938657920354418,0.938657920354418,3.055622797860246,8.1012722546292,0.5963392293939975
1.0,0.03,0.12,0.11289914533572003,0.9408262111310003,2.7415338801342695,6.761917689063027,0.6990908532853926
1.0,0.04,0.16,0.1515231671694762,0.9470197948092263,2.9720559043294266,6.584291990319843,0.8222616455452005
1.0,0.05,0.2,0.19004263902044854,0.9502131951022427,2.9049384033080434,5.0244477370359,1.5
1.0,0.06,0.24,0.22592200414765748,0.9413416839485729,3.9418101814859323,8.237520104719154,1.5
1.0,0.07,0.28,0.2599211403206719,0.9282897868595423,6.959650888332235,14.114121523981153,1.5
0.85,0.02,0.09411764705882353,0.08606020626903231,0.9143896916084683,3.1352662588950255,9.0414958006573,0.5361666565040029
0.85,0.025,0.11764705882352942,0.10874150903300063,0.9243028267805052,2.8369961822159073,9.544121643491621,0.6840096575603276
0.85,0.03,0.1411764705882353,0.13131089144687705,0.9301188144153791,2.6208755379833715,7.428401666453136,0.7927441568229181
0.85,0.04,0.18823529411764706,0.17594465904794485,0.934706001192207,2.8607771229755166,6.743017039373399,1.5
0.85,0.05,0.23529411764705885,0.21885378532912925,0.9301285876487992,3.6098331538793946,5.8655907814624175,1.5
0.85,0.06,0.2823529411764706,0.26083514244781264,0.9237911295026697,4.275113675735295,10.509457431640765,1.5
0.85,0.07,0.3294117647058824,0.309453878357339,0.9394135592990647,9.29147218125948,22.2175351896628,1.5
0.75,0.02,0.10666666666666667,0.09649914686109484,0.9046795018227641,3.16324178563599,9.51723051795371,0.6013033578208073
0.75,0.025,0.13333333333333333,0.12165254991844328,0.9123941243883246,2.788477979197899,8.937913196956327,0.7245571732371836
0.75,0.03,0.16,0.1467337737710047,0.9170860860687793,2.4262798613260026,6.75080437782662,0.8335370018871924
0.75,0.04,0.21333333333333335,0.1960316844565471,0.9188985208900644,2.697262849675505,5.563924118410909,1.5
0.75,0.05,0.26666666666666666,0.24245603042645578,0.9092101140992092,3.80874975555386,7.611121624354164,1.5
0.75,0.06,0.32,0.28554589185943396,0.8923309120607311,4.5685973315801816,9.824675106856086,1.5
0.75,0.07,0.37333333333333335,0.36190511111440404,0.9693886904850108,9.975676956349044,20.690600064661673,1.5
0.6,0.02,0.13333333333333333,0.11705263687202287,0.8778947765401716,2.8411363664589144,7.788605910729828,0.6759726963969275
0.6,0.025,0.16666666666666669,0.14800325828763133,0.8880195497257879,2.843662430712412,6.372719046834235,0.8649033034588953
0.6,0.03,0.2,0.17858868660866295,0.8929434330433147,2.4608378289010004,4.437715876317384,1.5
0.6,0.04,0.26666666666666666,0.2345482313442592,0.879555867540972,2.8759674356194465,5.606745748036765,1.5
0.6,0.05,0.33333333333333337,0.28728403197262076,0.8618520959178622,3.4739427415715376,7.34608221397667,1.5
0.6,0.06,0.4,0.36490315226668374,0.9122578806667093,5.593760119841462,13.940064133253308,1.5
0.6,0.07,0.46666666666666673,0.3732147124549353,0.7997458124034327,10.164687782804757,21.292024675218027,1.5
